id,title,place,tags
45,"<a href=""https://kb.hs3.pl/t/45"">Jak stworzyć nowy wpis do bazy zasobów Hackerspace Trójmiasto?</a>",unknown,[]
20,"<a href=""https://kb.hs3.pl/t/20"">O kategorii: Baza Wiedzy Hackerspace'u</a>",unknown,[]
350,"<a href=""https://kb.hs3.pl/t/350"">Body Fat Scale</a>","<a href=""https://kb.hs3.pl/tag/lab"">lab</a>","['lab', 'sticker-needed']"
349,"<a href=""https://kb.hs3.pl/t/349"">DVD Video ""Monty Python: A teraz coś z zupełnie innej beczki""</a>","<a href=""https://kb.hs3.pl/tag/cow-work"">cow-work</a>",['cow-work']
348,"<a href=""https://kb.hs3.pl/t/348"">14 in 1 Educational Solar Robot</a>","<a href=""https://kb.hs3.pl/tag/lab"">lab</a>",['lab']
347,"<a href=""https://kb.hs3.pl/t/347"">Gra wideo ""PS3 Ridge Racer 7""</a>","<a href=""https://kb.hs3.pl/tag/cow-work"">cow-work</a>","['cow-work', 'video-game']"
346,"<a href=""https://kb.hs3.pl/t/346"">Cyberdeck Ijona</a>","<a href=""https://kb.hs3.pl/tag/cow-work"">cow-work</a>",['cow-work']
345,"<a href=""https://kb.hs3.pl/t/345"">Gra wideo ""PS3 Uncharted: Drake's Fortune DE""</a>","<a href=""https://kb.hs3.pl/tag/cow-work"">cow-work</a>","['cow-work', 'video-game']"
344,"<a href=""https://kb.hs3.pl/t/344"">Szafka ze sprzętem telekomunikacyjnym</a>","<a href=""https://kb.hs3.pl/tag/cow-work"">cow-work</a>",['cow-work']
340,"<a href=""https://kb.hs3.pl/t/340"">Kartón z wkrętami, kołkami i pudelkami</a>","<a href=""https://kb.hs3.pl/tag/lab"">lab</a>",['lab']
343,"<a href=""https://kb.hs3.pl/t/343"">Gra wideo ""PS3 Colin McRae: Dirt 2""</a>","<a href=""https://kb.hs3.pl/tag/cow-work"">cow-work</a>","['cow-work', 'video-game']"
341,"<a href=""https://kb.hs3.pl/t/341"">Gra wideo ""PS3 Ratchet & Clank Quest for Booty""</a>","<a href=""https://kb.hs3.pl/tag/cow-work"">cow-work</a>","['cow-work', 'video-game']"
342,"<a href=""https://kb.hs3.pl/t/342"">Odtwarzacz Linn Sekrit DS-I + kolumny</a>","<a href=""https://kb.hs3.pl/tag/cow-work"">cow-work</a>",['cow-work']
339,"<a href=""https://kb.hs3.pl/t/339"">Gra wideo ""Need for Speed: Most Wanted""</a>","<a href=""https://kb.hs3.pl/tag/cow-work"">cow-work</a>","['cow-work', 'video-game']"
338,"<a href=""https://kb.hs3.pl/t/338"">Gra wideo ""Commandos 3: Kierunek Berlin""</a>","<a href=""https://kb.hs3.pl/tag/cow-work"">cow-work</a>","['cow-work', 'video-game']"
337,"<a href=""https://kb.hs3.pl/t/337"">Gra wideo ""Heroes of Might and Magic V: Kuźnia Przeznaczenia""</a>","<a href=""https://kb.hs3.pl/tag/cow-work"">cow-work</a>","['cow-work', 'video-game']"
336,"<a href=""https://kb.hs3.pl/t/336"">Puzzle Ptaki 500 - Politechnika Gdańska</a>","<a href=""https://kb.hs3.pl/tag/cow-work"">cow-work</a>","['cow-work', 'boardgame']"
335,"<a href=""https://kb.hs3.pl/t/335"">Wiertarka PSR 1440 LI-2 + AL 1880 CV BOSCH</a>","<a href=""https://kb.hs3.pl/tag/lab"">lab</a>","['lab', 'tools']"
334,"<a href=""https://kb.hs3.pl/t/334"">5-Port Fast Ethernet Switch Edimax 10/100Mbps</a>","<a href=""https://kb.hs3.pl/tag/cow-work"">cow-work</a>",['cow-work']
333,"<a href=""https://kb.hs3.pl/t/333"">Karton ""ZASILACZE LAPTOP""</a>","<a href=""https://kb.hs3.pl/tag/cow-work"">cow-work</a>",['cow-work']
332,"<a href=""https://kb.hs3.pl/t/332"">Karton ""URZĄDZENIA SIECIOWE LAN""</a>","<a href=""https://kb.hs3.pl/tag/cow-work"">cow-work</a>",['cow-work']
331,"<a href=""https://kb.hs3.pl/t/331"">Karton ""VR""</a>","<a href=""https://kb.hs3.pl/tag/cow-work"">cow-work</a>",['cow-work']
330,"<a href=""https://kb.hs3.pl/t/330"">Karton ""RADIO""</a>","<a href=""https://kb.hs3.pl/tag/cow-work"">cow-work</a>",['cow-work']
326,"<a href=""https://kb.hs3.pl/t/326"">Lampa z lupą</a>","<a href=""https://kb.hs3.pl/tag/lab"">lab</a>",['lab']
328,"<a href=""https://kb.hs3.pl/t/328"">Lampa z lupą niesprawna</a>","<a href=""https://kb.hs3.pl/tag/lab"">lab</a>",['lab']
329,"<a href=""https://kb.hs3.pl/t/329"">Karton ""RÓŻNE MAŁE ZASILACZE""</a>","<a href=""https://kb.hs3.pl/tag/cow-work"">cow-work</a>",['cow-work']
327,"<a href=""https://kb.hs3.pl/t/327"">Karton ""PRZEWODY ZASILAJACE""</a>","<a href=""https://kb.hs3.pl/tag/cow-work"">cow-work</a>",['cow-work']
325,"<a href=""https://kb.hs3.pl/t/325"">Karton ""PRZEWODY <1MM2""</a>","<a href=""https://kb.hs3.pl/tag/cow-work"">cow-work</a>",['cow-work']
324,"<a href=""https://kb.hs3.pl/t/324"">Karton ""AUDIO PRO""</a>","<a href=""https://kb.hs3.pl/tag/cow-work"">cow-work</a>",['cow-work']
323,"<a href=""https://kb.hs3.pl/t/323"">Karton ""VIDEO""</a>","<a href=""https://kb.hs3.pl/tag/cow-work"">cow-work</a>",['cow-work']
322,"<a href=""https://kb.hs3.pl/t/322"">Karton ""AUDIO JABRA""</a>","<a href=""https://kb.hs3.pl/tag/cow-work"">cow-work</a>",['cow-work']
321,"<a href=""https://kb.hs3.pl/t/321"">Karton ""HDMI""</a>","<a href=""https://kb.hs3.pl/tag/cow-work"">cow-work</a>",['cow-work']
320,"<a href=""https://kb.hs3.pl/t/320"">Karton ""RETRO AV SCART ET AL""</a>","<a href=""https://kb.hs3.pl/tag/cow-work"">cow-work</a>",['cow-work']
319,"<a href=""https://kb.hs3.pl/t/319"">Karton ""LAN przewody""</a>","<a href=""https://kb.hs3.pl/tag/cow-work"">cow-work</a>",['cow-work']
318,"<a href=""https://kb.hs3.pl/t/318"">Gra zręcznościowa “Wooden Blocks""</a>","<a href=""https://kb.hs3.pl/tag/cow-work"">cow-work</a>","['cow-work', 'boardgame']"
317,"<a href=""https://kb.hs3.pl/t/317"">Sound Technology 1700B Distortion Measurement System</a>","<a href=""https://kb.hs3.pl/tag/cow-work"">cow-work</a>",['cow-work']
316,"<a href=""https://kb.hs3.pl/t/316"">Wavetek Universal Antenna Coupler WWG MMS-4107S</a>","<a href=""https://kb.hs3.pl/tag/cow-work"">cow-work</a>",['cow-work']
294,"<a href=""https://kb.hs3.pl/t/294"">Wieża TECHNICS EH550 - Compact disc player SL-EH750</a>","<a href=""https://kb.hs3.pl/tag/cow-work"">cow-work</a>",['cow-work']
293,"<a href=""https://kb.hs3.pl/t/293"">Wieża TECHNICS EH550 - Stereo cassette deck RS-EH750</a>","<a href=""https://kb.hs3.pl/tag/cow-work"">cow-work</a>",['cow-work']
292,"<a href=""https://kb.hs3.pl/t/292"">Wieża TECHNICS EH550 - Stereo sound processor SH-EH550</a>","<a href=""https://kb.hs3.pl/tag/cow-work"">cow-work</a>",['cow-work']
291,"<a href=""https://kb.hs3.pl/t/291"">Wieża TECHNICS EH550 - Stereo tuner amplifier SA-EH550</a>","<a href=""https://kb.hs3.pl/tag/cow-work"">cow-work</a>",['cow-work']
287,"<a href=""https://kb.hs3.pl/t/287"">Gra wideo “PC Warcraft II: Tides of Darkness”</a>","<a href=""https://kb.hs3.pl/tag/cow-work"">cow-work</a>","['cow-work', 'video-game']"
289,"<a href=""https://kb.hs3.pl/t/289"">Gra wideo ""PC Fallout 1""</a>","<a href=""https://kb.hs3.pl/tag/cow-work"">cow-work</a>","['cow-work', 'video-game']"
303,"<a href=""https://kb.hs3.pl/t/303"">Pudełko ""HS3 rezystory (w pudełku Soldering station)""</a>","<a href=""https://kb.hs3.pl/tag/lab"">lab</a>",['lab']
297,"<a href=""https://kb.hs3.pl/t/297"">Naklejki ""własność prywatna""</a>","<a href=""https://kb.hs3.pl/tag/cow-work"">cow-work</a>",['cow-work']
299,"<a href=""https://kb.hs3.pl/t/299"">Gra Koci Cymbergaj</a>","<a href=""https://kb.hs3.pl/tag/cow-work"">cow-work</a>",['cow-work']
300,"<a href=""https://kb.hs3.pl/t/300"">Multifunction Printer Canon MG3150</a>","<a href=""https://kb.hs3.pl/tag/cow-work"">cow-work</a>",['cow-work']
302,"<a href=""https://kb.hs3.pl/t/302"">Skaner Plustek OpticPro ST24</a>","<a href=""https://kb.hs3.pl/tag/cow-work"">cow-work</a>",['cow-work']
304,"<a href=""https://kb.hs3.pl/t/304"">Monitor LG StudioWorks 560N</a>","<a href=""https://kb.hs3.pl/tag/cow-work"">cow-work</a>",['cow-work']
305,"<a href=""https://kb.hs3.pl/t/305"">Voltage, Distortion, and Noise Meter VN-1687 Unitra Elmasz</a>","<a href=""https://kb.hs3.pl/tag/cow-work"">cow-work</a>",['cow-work']
306,"<a href=""https://kb.hs3.pl/t/306"">WANPTEK Programmable DC Power Supply</a>","<a href=""https://kb.hs3.pl/tag/cow-work"">cow-work</a>",['cow-work']
307,"<a href=""https://kb.hs3.pl/t/307"">Oscyloskop Hantek 6022BE</a>","<a href=""https://kb.hs3.pl/tag/cow-work"">cow-work</a>",['cow-work']
309,"<a href=""https://kb.hs3.pl/t/309"">Type SMG-1 Stereo Generator Radiometer Copenhagen</a>","<a href=""https://kb.hs3.pl/tag/cow-work"">cow-work</a>",['cow-work']
311,"<a href=""https://kb.hs3.pl/t/311"">Hung Chang Oscilloscope 5504 40MHz</a>","<a href=""https://kb.hs3.pl/tag/cow-work"">cow-work</a>",['cow-work']
313,"<a href=""https://kb.hs3.pl/t/313"">Karton ""Słuchawki""</a>","<a href=""https://kb.hs3.pl/tag/cow-work"">cow-work</a>",['cow-work']
301,"<a href=""https://kb.hs3.pl/t/301"">Karton ""ARTYKUŁY BIUROWE""</a>","<a href=""https://kb.hs3.pl/tag/cow-work"">cow-work</a>",['cow-work']
314,"<a href=""https://kb.hs3.pl/t/314"">PINTEK 20MHz oscilloscope PS-200</a>","<a href=""https://kb.hs3.pl/tag/cow-work"">cow-work</a>",['cow-work']
312,"<a href=""https://kb.hs3.pl/t/312"">Karton ""Zestawy adapterów końcówek do zasilacza laptopa""</a>","<a href=""https://kb.hs3.pl/tag/cow-work"">cow-work</a>",['cow-work']
315,"<a href=""https://kb.hs3.pl/t/315"">PAL-B System?</a>","<a href=""https://kb.hs3.pl/tag/cow-work"">cow-work</a>",['cow-work']
296,"<a href=""https://kb.hs3.pl/t/296"">HUBy USB-C</a>","<a href=""https://kb.hs3.pl/tag/cow-work"">cow-work</a>",['cow-work']
144,"<a href=""https://kb.hs3.pl/t/144"">Venus</a>","<a href=""https://kb.hs3.pl/tag/cow-work"">cow-work</a>",['cow-work']
52,"<a href=""https://kb.hs3.pl/t/52"">Evil Submarine</a>","<a href=""https://kb.hs3.pl/tag/cow-work"">cow-work</a>","['cow-work', 'projects']"
285,"<a href=""https://kb.hs3.pl/t/285"">Konsola do gier PlayStation 2 + GunCon</a>","<a href=""https://kb.hs3.pl/tag/cow-work"">cow-work</a>",['cow-work']
295,"<a href=""https://kb.hs3.pl/t/295"">Dmuchawa do elektroniki Appio</a>","<a href=""https://kb.hs3.pl/tag/cow-work"">cow-work</a>",['cow-work']
288,"<a href=""https://kb.hs3.pl/t/288"">Gra wideo ""Warcraft II: Battle.net Edition""</a>","<a href=""https://kb.hs3.pl/tag/cow-work"">cow-work</a>","['cow-work', 'video-game']"
290,"<a href=""https://kb.hs3.pl/t/290"">Projektor Barco F22 SX+ Ultra Wide VizSim</a>","<a href=""https://kb.hs3.pl/tag/cow-work"">cow-work</a>",['cow-work']
286,"<a href=""https://kb.hs3.pl/t/286"">Magnetowid VHS Philips VR 471</a>","<a href=""https://kb.hs3.pl/tag/cow-work"">cow-work</a>",['cow-work']
284,"<a href=""https://kb.hs3.pl/t/284"">Robotarm SVI-2000 QuickShot</a>","<a href=""https://kb.hs3.pl/tag/cow-work"">cow-work</a>",['cow-work']
283,"<a href=""https://kb.hs3.pl/t/283"">Telewizor Funai</a>","<a href=""https://kb.hs3.pl/tag/cow-work"">cow-work</a>",['cow-work']
282,"<a href=""https://kb.hs3.pl/t/282"">Komputer ZX Spectrum +2</a>","<a href=""https://kb.hs3.pl/tag/cow-work"">cow-work</a>",['cow-work']
281,"<a href=""https://kb.hs3.pl/t/281"">Gra wideo “PC Mortyr 2093-1944”</a>","<a href=""https://kb.hs3.pl/tag/cow-work"">cow-work</a>","['cow-work', 'video-game']"
280,"<a href=""https://kb.hs3.pl/t/280"">Komputer Commodore C=64</a>","<a href=""https://kb.hs3.pl/tag/cow-work"">cow-work</a>",['cow-work']
279,"<a href=""https://kb.hs3.pl/t/279"">Komputer Apple Macintosh SE</a>","<a href=""https://kb.hs3.pl/tag/cow-work"">cow-work</a>",['cow-work']
278,"<a href=""https://kb.hs3.pl/t/278"">Philips PM5415TX color TV Pattern Generator</a>","<a href=""https://kb.hs3.pl/tag/cow-work"">cow-work</a>",['cow-work']
277,"<a href=""https://kb.hs3.pl/t/277"">Joystick QuickShot II Turbo</a>","<a href=""https://kb.hs3.pl/tag/cow-work"">cow-work</a>",['cow-work']
276,"<a href=""https://kb.hs3.pl/t/276"">Gra wideo “PC Dragon Dice”</a>","<a href=""https://kb.hs3.pl/tag/cow-work"">cow-work</a>","['cow-work', 'video-game']"
275,"<a href=""https://kb.hs3.pl/t/275"">Joystick Quickshot</a>","<a href=""https://kb.hs3.pl/tag/cow-work"">cow-work</a>",['cow-work']
274,"<a href=""https://kb.hs3.pl/t/274"">Komputer Spectravideo SVI–738</a>","<a href=""https://kb.hs3.pl/tag/cow-work"">cow-work</a>",['cow-work']
273,"<a href=""https://kb.hs3.pl/t/273"">Drukarka Samsung ML-3710ND</a>","<a href=""https://kb.hs3.pl/tag/cow-work"">cow-work</a>",['cow-work']
272,"<a href=""https://kb.hs3.pl/t/272"">Gra wideo “PC Man Of War”</a>","<a href=""https://kb.hs3.pl/tag/cow-work"">cow-work</a>","['cow-work', 'video-game']"
271,"<a href=""https://kb.hs3.pl/t/271"">Gra wideo “PC Warcraft: Orcs & Humans”</a>","<a href=""https://kb.hs3.pl/tag/cow-work"">cow-work</a>","['cow-work', 'video-game']"
270,"<a href=""https://kb.hs3.pl/t/270"">Gra wideo “Nowy Teenagent”</a>","<a href=""https://kb.hs3.pl/tag/cow-work"">cow-work</a>","['cow-work', 'video-game']"
269,"<a href=""https://kb.hs3.pl/t/269"">Gra wideo ""PC Requiem: Avenging Angel""</a>","<a href=""https://kb.hs3.pl/tag/cow-work"">cow-work</a>","['cow-work', 'video-game']"
268,"<a href=""https://kb.hs3.pl/t/268"">Gra wideo “PC CLASH”</a>","<a href=""https://kb.hs3.pl/tag/cow-work"">cow-work</a>","['cow-work', 'video-game']"
267,"<a href=""https://kb.hs3.pl/t/267"">Gra wideo ""PC Baldur’s Gate: Opowieści z Wybrzeża Mieczy""</a>","<a href=""https://kb.hs3.pl/tag/cow-work"">cow-work</a>","['cow-work', 'video-game']"
266,"<a href=""https://kb.hs3.pl/t/266"">Gra wideo “PC Fallout 2 - A Post Nuclear Role Playing Game”</a>","<a href=""https://kb.hs3.pl/tag/cow-work"">cow-work</a>","['cow-work', 'video-game']"
265,"<a href=""https://kb.hs3.pl/t/265"">Gra wideo “PC Might & Magic: Heroes VI - Pirates of the Savage Sea”</a>","<a href=""https://kb.hs3.pl/tag/cow-work"">cow-work</a>","['cow-work', 'video-game']"
264,"<a href=""https://kb.hs3.pl/t/264"">Gra wideo “PC Konung: Legenda Północy”</a>","<a href=""https://kb.hs3.pl/tag/cow-work"">cow-work</a>","['cow-work', 'video-game']"
263,"<a href=""https://kb.hs3.pl/t/263"">Gra wideo “PC End of Twilight: Zaginiona tarcza wikinga”</a>","<a href=""https://kb.hs3.pl/tag/cow-work"">cow-work</a>","['cow-work', 'video-game']"
262,"<a href=""https://kb.hs3.pl/t/262"">Gra wideo “Alien Nations”</a>","<a href=""https://kb.hs3.pl/tag/cow-work"">cow-work</a>","['cow-work', 'video-game']"
261,"<a href=""https://kb.hs3.pl/t/261"">Gra wideo “PC Tony Hawk's Underground 2”</a>","<a href=""https://kb.hs3.pl/tag/cow-work"">cow-work</a>","['cow-work', 'video-game']"
259,"<a href=""https://kb.hs3.pl/t/259"">Gra wideo ""PC Kroniki czarnego księżyca""</a>","<a href=""https://kb.hs3.pl/tag/cow-work"">cow-work</a>","['cow-work', 'video-game']"
260,"<a href=""https://kb.hs3.pl/t/260"">Gra wideo ""PC ony Hawk's Pro Skater 3""</a>","<a href=""https://kb.hs3.pl/tag/cow-work"">cow-work</a>","['cow-work', 'video-game']"
256,"<a href=""https://kb.hs3.pl/t/256"">Gra wideo “PC Full Spectrum Warrior”</a>","<a href=""https://kb.hs3.pl/tag/cow-work"">cow-work</a>","['cow-work', 'video-game']"
257,"<a href=""https://kb.hs3.pl/t/257"">Gra L game</a>","<a href=""https://kb.hs3.pl/tag/cow-work"">cow-work</a>",['cow-work']
258,"<a href=""https://kb.hs3.pl/t/258"">Gra wideo ""PC Invictus: W Cieniu Olimpu""</a>","<a href=""https://kb.hs3.pl/tag/cow-work"">cow-work</a>","['cow-work', 'video-game']"
236,"<a href=""https://kb.hs3.pl/t/236"">Gra planszowa ""Carcassonne. Gra o zamkach, miastach i rycerzach.”</a>","<a href=""https://kb.hs3.pl/tag/cow-work"">cow-work</a>","['cow-work', 'boardgame']"
237,"<a href=""https://kb.hs3.pl/t/237"">Gra zręcznościowa ""Wieża""</a>","<a href=""https://kb.hs3.pl/tag/cow-work"">cow-work</a>","['cow-work', 'boardgame']"
238,"<a href=""https://kb.hs3.pl/t/238"">Gra planszowa ""Postaw na klocka""</a>","<a href=""https://kb.hs3.pl/tag/cow-work"">cow-work</a>","['cow-work', 'boardgame']"
239,"<a href=""https://kb.hs3.pl/t/239"">Gra planszowa “Tajniacy”</a>","<a href=""https://kb.hs3.pl/tag/cow-work"">cow-work</a>","['cow-work', 'boardgame']"
240,"<a href=""https://kb.hs3.pl/t/240"">Gra planszowa “Story Cubes: Podróże”</a>","<a href=""https://kb.hs3.pl/tag/cow-work"">cow-work</a>","['cow-work', 'boardgame']"
253,"<a href=""https://kb.hs3.pl/t/253"">Gra wideo ""PS2 Charlie and the Chocolate Factory""</a>","<a href=""https://kb.hs3.pl/tag/cow-work"">cow-work</a>","['cow-work', 'video-game']"
254,"<a href=""https://kb.hs3.pl/t/254"">Gra wideo “ The Chronicles of Narnia: The Lion, The Witch and The Wardrobe”</a>","<a href=""https://kb.hs3.pl/tag/cow-work"">cow-work</a>","['cow-work', 'video-game']"
255,"<a href=""https://kb.hs3.pl/t/255"">Gra wideo “PS2 Conflict: Vietnam”</a>","<a href=""https://kb.hs3.pl/tag/cow-work"">cow-work</a>","['cow-work', 'video-game']"
248,"<a href=""https://kb.hs3.pl/t/248"">Komputer Amstrad 128k Colour Personal Computer</a>","<a href=""https://kb.hs3.pl/tag/cow-work"">cow-work</a>",['cow-work']
249,"<a href=""https://kb.hs3.pl/t/249"">Zasilacz laboratoryjny Zhaoxin</a>","<a href=""https://kb.hs3.pl/tag/cow-work"">cow-work</a>","['cow-work', 'tools']"
250,"<a href=""https://kb.hs3.pl/t/250"">Gra karciana ""Monty Python and the Holy Grail CCG Booster Pack""</a>","<a href=""https://kb.hs3.pl/tag/cow-work"">cow-work</a>","['cow-work', 'boardgame']"
252,"<a href=""https://kb.hs3.pl/t/252"">Konsola do gier Doom.txt</a>","<a href=""https://kb.hs3.pl/tag/cow-work"">cow-work</a>",['cow-work']
251,"<a href=""https://kb.hs3.pl/t/251"">Konsola do gier DoomGirl</a>","<a href=""https://kb.hs3.pl/tag/cow-work"">cow-work</a>","['cow-work', 'video-game']"
212,"<a href=""https://kb.hs3.pl/t/212"">SUN Keyboard & Mouse Collection</a>","<a href=""https://kb.hs3.pl/tag/cow-work"">cow-work</a>",['cow-work']
243,"<a href=""https://kb.hs3.pl/t/243"">Gra karciana ""List Miłosny""</a>","<a href=""https://kb.hs3.pl/tag/cow-work"">cow-work</a>","['cow-work', 'boardgame']"
242,"<a href=""https://kb.hs3.pl/t/242"">Dodatek do gry “ KeyForge: Zew Archontów - Talia Archonta”</a>","<a href=""https://kb.hs3.pl/tag/cow-work"">cow-work</a>","['cow-work', 'boardgame']"
241,"<a href=""https://kb.hs3.pl/t/241"">Gra planszowa “Developer Dilemmas”</a>","<a href=""https://kb.hs3.pl/tag/cow-work"">cow-work</a>","['cow-work', 'boardgame']"
244,"<a href=""https://kb.hs3.pl/t/244"">Osciloscope OS-352 ZUE Unitem</a>","<a href=""https://kb.hs3.pl/tag/cow-work"">cow-work</a>",['cow-work']
245,"<a href=""https://kb.hs3.pl/t/245"">Dodatek do gry “KeyForge: Czas Wstąpienia - Talia Archonta”</a>","<a href=""https://kb.hs3.pl/tag/cow-work"">cow-work</a>","['cow-work', 'boardgame']"
246,"<a href=""https://kb.hs3.pl/t/246"">Gra planszowa “Dobble: collector”</a>","<a href=""https://kb.hs3.pl/tag/cow-work"">cow-work</a>","['cow-work', 'boardgame']"
247,"<a href=""https://kb.hs3.pl/t/247"">Gra planszowa “Cytadela”</a>","<a href=""https://kb.hs3.pl/tag/cow-work"">cow-work</a>","['cow-work', 'boardgame']"
91,"<a href=""https://kb.hs3.pl/t/91"">Drukarka 3D Creality Ender 3</a>","<a href=""https://kb.hs3.pl/tag/lab"">lab</a>","['lab', 'tools', '3d-print']"
92,"<a href=""https://kb.hs3.pl/t/92"">Drukarka 3D Creality K1 Max</a>","<a href=""https://kb.hs3.pl/tag/lab"">lab</a>","['lab', 'tools', '3d-print']"
139,"<a href=""https://kb.hs3.pl/t/139"">Drukarka Brother PT-E550WSP</a>","<a href=""https://kb.hs3.pl/tag/lab"">lab</a>",['lab']
222,"<a href=""https://kb.hs3.pl/t/222"">Gra planszowa “Spiskowcy""</a>","<a href=""https://kb.hs3.pl/tag/cow-work"">cow-work</a>","['cow-work', 'boardgame']"
232,"<a href=""https://kb.hs3.pl/t/232"">Gra planszowa “Takie Życie - Ciekawostki""</a>","<a href=""https://kb.hs3.pl/tag/cow-work"">cow-work</a>","['cow-work', 'boardgame']"
234,"<a href=""https://kb.hs3.pl/t/234"">Gra planszowa ""Załoga: Wyprawa w głębiny""</a>","<a href=""https://kb.hs3.pl/tag/cow-work"">cow-work</a>","['cow-work', 'boardgame']"
235,"<a href=""https://kb.hs3.pl/t/235"">Gra planszowa ""Decrypto""</a>","<a href=""https://kb.hs3.pl/tag/cow-work"">cow-work</a>","['cow-work', 'boardgame']"
233,"<a href=""https://kb.hs3.pl/t/233"">Blinkenkrate</a>","<a href=""https://kb.hs3.pl/tag/cow-work"">cow-work</a>","['cow-work', 'projects']"
231,"<a href=""https://kb.hs3.pl/t/231"">Mecanorma 9,99999MHz</a>","<a href=""https://kb.hs3.pl/tag/cow-work"">cow-work</a>",['cow-work']
230,"<a href=""https://kb.hs3.pl/t/230"">SECAM/PAL TV Pattern Generator Type K944</a>","<a href=""https://kb.hs3.pl/tag/cow-work"">cow-work</a>",['cow-work']
229,"<a href=""https://kb.hs3.pl/t/229"">TRIO 15MHz Oscilloscope CS-1560A</a>","<a href=""https://kb.hs3.pl/tag/cow-work"">cow-work</a>",['cow-work']
228,"<a href=""https://kb.hs3.pl/t/228"">Monitor Trinitron</a>","<a href=""https://kb.hs3.pl/tag/cow-work"">cow-work</a>",['cow-work']
227,"<a href=""https://kb.hs3.pl/t/227"">Oscyloskop ST-315A II KABID Radiotechnika</a>","<a href=""https://kb.hs3.pl/tag/cow-work"">cow-work</a>",['cow-work']
226,"<a href=""https://kb.hs3.pl/t/226"">Grundig AM/FM Generator AS4</a>","<a href=""https://kb.hs3.pl/tag/cow-work"">cow-work</a>",['cow-work']
225,"<a href=""https://kb.hs3.pl/t/225"">Mera tronik Digital Voltmeter Type V530</a>","<a href=""https://kb.hs3.pl/tag/cow-work"">cow-work</a>",['cow-work']
224,"<a href=""https://kb.hs3.pl/t/224"">Hewlett Packard 8640A Signal Generator</a>","<a href=""https://kb.hs3.pl/tag/cow-work"">cow-work</a>",['cow-work']
223,"<a href=""https://kb.hs3.pl/t/223"">Sprzęt komp all-in-one krągły iMac *inander</a>","<a href=""https://kb.hs3.pl/tag/cow-work"">cow-work</a>",['cow-work']
221,"<a href=""https://kb.hs3.pl/t/221"">Monitor Amstrad CTM644</a>","<a href=""https://kb.hs3.pl/tag/cow-work"">cow-work</a>",['cow-work']
220,"<a href=""https://kb.hs3.pl/t/220"">UNITRA Unima Digital Multimeter 1331</a>","<a href=""https://kb.hs3.pl/tag/cow-work"">cow-work</a>",['cow-work']
219,"<a href=""https://kb.hs3.pl/t/219"">Leader LVS-5851 A PAL Vectorscope</a>","<a href=""https://kb.hs3.pl/tag/cow-work"">cow-work</a>",['cow-work']
218,"<a href=""https://kb.hs3.pl/t/218"">Zopan Signal Generator KZ 1623</a>","<a href=""https://kb.hs3.pl/tag/cow-work"">cow-work</a>",['cow-work']
217,"<a href=""https://kb.hs3.pl/t/217"">UNITRA Elmasz Miernik nierównomierności ND-1481</a>","<a href=""https://kb.hs3.pl/tag/cow-work"">cow-work</a>",['cow-work']
216,"<a href=""https://kb.hs3.pl/t/216"">SUN CD-ROM Caddy Loaded</a>","<a href=""https://kb.hs3.pl/tag/cow-work"">cow-work</a>",['cow-work']
215,"<a href=""https://kb.hs3.pl/t/215"">Xbox 360 Plain</a>","<a href=""https://kb.hs3.pl/tag/cow-work"">cow-work</a>",['cow-work']
214,"<a href=""https://kb.hs3.pl/t/214"">Xbox 360 Chrome</a>","<a href=""https://kb.hs3.pl/tag/cow-work"">cow-work</a>",['cow-work']
213,"<a href=""https://kb.hs3.pl/t/213"">Xbox 360 Toothless</a>","<a href=""https://kb.hs3.pl/tag/cow-work"">cow-work</a>",['cow-work']
211,"<a href=""https://kb.hs3.pl/t/211"">SUN Ultra 5 Bottom</a>","<a href=""https://kb.hs3.pl/tag/cow-work"">cow-work</a>",['cow-work']
210,"<a href=""https://kb.hs3.pl/t/210"">SUN Ultra 5 Top</a>","<a href=""https://kb.hs3.pl/tag/cow-work"">cow-work</a>",['cow-work']
209,"<a href=""https://kb.hs3.pl/t/209"">SUN Sparkstation 20</a>","<a href=""https://kb.hs3.pl/tag/cow-work"">cow-work</a>",['cow-work']
208,"<a href=""https://kb.hs3.pl/t/208"">Komputer Nixdorf XT ""All-in-One Portable""</a>","<a href=""https://kb.hs3.pl/tag/cow-work"">cow-work</a>",['cow-work']
206,"<a href=""https://kb.hs3.pl/t/206"">Club* Mate</a>","<a href=""https://kb.hs3.pl/tag/cow-work"">cow-work</a>",['cow-work']
203,"<a href=""https://kb.hs3.pl/t/203"">Multimetr TL-4</a>",unknown,[]
156,"<a href=""https://kb.hs3.pl/t/156"">Drabinka</a>","<a href=""https://kb.hs3.pl/tag/cow-work"">cow-work</a>",['cow-work']
155,"<a href=""https://kb.hs3.pl/t/155"">Flipchart</a>","<a href=""https://kb.hs3.pl/tag/cow-work"">cow-work</a>",['cow-work']
147,"<a href=""https://kb.hs3.pl/t/147"">LEDon Classy Lady</a>","<a href=""https://kb.hs3.pl/tag/cow-work"">cow-work</a>",['cow-work']
166,"<a href=""https://kb.hs3.pl/t/166"">Gra planszowa Oriflamme</a>","<a href=""https://kb.hs3.pl/tag/cow-work"">cow-work</a>","['cow-work', 'boardgame']"
168,"<a href=""https://kb.hs3.pl/t/168"">Gra planszowa ""To ja go tnę""</a>","<a href=""https://kb.hs3.pl/tag/cow-work"">cow-work</a>","['cow-work', 'boardgame']"
152,"<a href=""https://kb.hs3.pl/t/152"">Gra planszowa Dreadful Circus</a>","<a href=""https://kb.hs3.pl/tag/cow-work"">cow-work</a>","['cow-work', 'boardgame']"
160,"<a href=""https://kb.hs3.pl/t/160"">Gra planszowa ""Mage Knight Dugeons""</a>","<a href=""https://kb.hs3.pl/tag/cow-work"">cow-work</a>","['cow-work', 'boardgame']"
169,"<a href=""https://kb.hs3.pl/t/169"">Gra planszowa Mix Tura</a>","<a href=""https://kb.hs3.pl/tag/cow-work"">cow-work</a>","['cow-work', 'boardgame']"
171,"<a href=""https://kb.hs3.pl/t/171"">Gra karciana UNO</a>","<a href=""https://kb.hs3.pl/tag/cow-work"">cow-work</a>",['cow-work']
140,"<a href=""https://kb.hs3.pl/t/140"">Kamizelka projektu 'Człowiek'</a>","<a href=""https://kb.hs3.pl/tag/cow-work"">cow-work</a>",['cow-work']
167,"<a href=""https://kb.hs3.pl/t/167"">Sprzęt komp Monitor Samson</a>","<a href=""https://kb.hs3.pl/tag/cow-work"">cow-work</a>",['cow-work']
165,"<a href=""https://kb.hs3.pl/t/165"">Sprzęt komp Monitor mały Dellton</a>","<a href=""https://kb.hs3.pl/tag/cow-work"">cow-work</a>",['cow-work']
163,"<a href=""https://kb.hs3.pl/t/163"">Sprzęt komp all-in-one krągły iMaciej</a>","<a href=""https://kb.hs3.pl/tag/cow-work"">cow-work</a>",['cow-work']
162,"<a href=""https://kb.hs3.pl/t/162"">Sprzęt komp monitor Dellton</a>","<a href=""https://kb.hs3.pl/tag/cow-work"">cow-work</a>",['cow-work']
161,"<a href=""https://kb.hs3.pl/t/161"">Sprzęt komp All-in-one Asuseł</a>","<a href=""https://kb.hs3.pl/tag/cow-work"">cow-work</a>",['cow-work']
159,"<a href=""https://kb.hs3.pl/t/159"">Sprzęt komp monitor Optimus Prime</a>","<a href=""https://kb.hs3.pl/tag/cow-work"">cow-work</a>",['cow-work']
158,"<a href=""https://kb.hs3.pl/t/158"">Sprzęt komp monitor Hehe Prince</a>","<a href=""https://kb.hs3.pl/tag/cow-work"">cow-work</a>",['cow-work']
157,"<a href=""https://kb.hs3.pl/t/157"">Sprzęt komp All-in-one Lenovaldek</a>","<a href=""https://kb.hs3.pl/tag/cow-work"">cow-work</a>",['cow-work']
154,"<a href=""https://kb.hs3.pl/t/154"">Sprzęt komp All-in-one Bazzite</a>","<a href=""https://kb.hs3.pl/tag/cow-work"">cow-work</a>",['cow-work']
148,"<a href=""https://kb.hs3.pl/t/148"">LEDon HS3</a>","<a href=""https://kb.hs3.pl/tag/cow-work"">cow-work</a>",['cow-work']
143,"<a href=""https://kb.hs3.pl/t/143"">Von Count</a>","<a href=""https://kb.hs3.pl/tag/cow-work"">cow-work</a>",['cow-work']
142,"<a href=""https://kb.hs3.pl/t/142"">Kaktus</a>","<a href=""https://kb.hs3.pl/tag/cow-work"">cow-work</a>",['cow-work']
141,"<a href=""https://kb.hs3.pl/t/141"">Tramwajomat</a>","<a href=""https://kb.hs3.pl/tag/cow-work"">cow-work</a>",['cow-work']
170,"<a href=""https://kb.hs3.pl/t/170"">Sprzęt komp Desktop FrankenSUN</a>","<a href=""https://kb.hs3.pl/tag/cow-work"">cow-work</a>",['cow-work']
172,"<a href=""https://kb.hs3.pl/t/172"">Sprzęt komp Desktop Bandzior</a>","<a href=""https://kb.hs3.pl/tag/cow-work"">cow-work</a>",['cow-work']
173,"<a href=""https://kb.hs3.pl/t/173"">Sprzęt komp Desktop GOOD BOY</a>","<a href=""https://kb.hs3.pl/tag/cow-work"">cow-work</a>",['cow-work']
174,"<a href=""https://kb.hs3.pl/t/174"">Sprzęt komp Desktop Unbreak My Heart</a>","<a href=""https://kb.hs3.pl/tag/cow-work"">cow-work</a>",['cow-work']
175,"<a href=""https://kb.hs3.pl/t/175"">Sprzęt komp Desktop Mucha w Zupie</a>","<a href=""https://kb.hs3.pl/tag/cow-work"">cow-work</a>",['cow-work']
178,"<a href=""https://kb.hs3.pl/t/178"">Sprzęt komp Desktop Roxanne</a>","<a href=""https://kb.hs3.pl/tag/cow-work"">cow-work</a>",['cow-work']
179,"<a href=""https://kb.hs3.pl/t/179"">Sprzęt komp Desktop Dr Robotomy</a>","<a href=""https://kb.hs3.pl/tag/cow-work"">cow-work</a>",['cow-work']
180,"<a href=""https://kb.hs3.pl/t/180"">Sprzęt komp Desktop Wronisław</a>","<a href=""https://kb.hs3.pl/tag/cow-work"">cow-work</a>",['cow-work']
193,"<a href=""https://kb.hs3.pl/t/193"">Sprzęt komp laptop Victoria</a>","<a href=""https://kb.hs3.pl/tag/cow-work"">cow-work</a>",['cow-work']
194,"<a href=""https://kb.hs3.pl/t/194"">Sprzęt komp laptop Wonder Boy</a>","<a href=""https://kb.hs3.pl/tag/cow-work"">cow-work</a>",['cow-work']
204,"<a href=""https://kb.hs3.pl/t/204"">Sprzęt komp laptop Lego Dell</a>","<a href=""https://kb.hs3.pl/tag/cow-work"">cow-work</a>",['cow-work']
181,"<a href=""https://kb.hs3.pl/t/181"">Klimatyzator</a>","<a href=""https://kb.hs3.pl/tag/cow-work"">cow-work</a>",['cow-work']
205,"<a href=""https://kb.hs3.pl/t/205"">Sprzęt komp laptop HackLab-0x01</a>","<a href=""https://kb.hs3.pl/tag/cow-work"">cow-work</a>",['cow-work']
202,"<a href=""https://kb.hs3.pl/t/202"">Sprzęt komp laptop Amilo</a>","<a href=""https://kb.hs3.pl/tag/cow-work"">cow-work</a>",['cow-work']
185,"<a href=""https://kb.hs3.pl/t/185"">Dekadowy Generator RC PW-9</a>","<a href=""https://kb.hs3.pl/tag/cow-work"">cow-work</a>",['cow-work']
186,"<a href=""https://kb.hs3.pl/t/186"">Sprzęt komp laptop Vojtěch</a>","<a href=""https://kb.hs3.pl/tag/cow-work"">cow-work</a>",['cow-work']
187,"<a href=""https://kb.hs3.pl/t/187"">PMZ-12 Automatic Distortion Meter</a>","<a href=""https://kb.hs3.pl/tag/cow-work"">cow-work</a>",['cow-work']
189,"<a href=""https://kb.hs3.pl/t/189"">Sprzęt komp laptop Udon-san</a>","<a href=""https://kb.hs3.pl/tag/cow-work"">cow-work</a>",['cow-work']
190,"<a href=""https://kb.hs3.pl/t/190"">Dekadowy Generator RC PW-9 NATIONAL</a>","<a href=""https://kb.hs3.pl/tag/cow-work"">cow-work</a>",['cow-work']
191,"<a href=""https://kb.hs3.pl/t/191"">Dekadowy Generator RC PW-9 TK2</a>","<a href=""https://kb.hs3.pl/tag/cow-work"">cow-work</a>",['cow-work']
192,"<a href=""https://kb.hs3.pl/t/192"">Generator RC PO-20</a>","<a href=""https://kb.hs3.pl/tag/cow-work"">cow-work</a>",['cow-work']
195,"<a href=""https://kb.hs3.pl/t/195"">Miernik napięć, zniekształceń i szumów VN-1064/A</a>","<a href=""https://kb.hs3.pl/tag/cow-work"">cow-work</a>",['cow-work']
197,"<a href=""https://kb.hs3.pl/t/197"">Sprzęt komp laptop Oden-dono</a>","<a href=""https://kb.hs3.pl/tag/cow-work"">cow-work</a>",['cow-work']
188,"<a href=""https://kb.hs3.pl/t/188"">Sprzęt komp laptop mały Jaś</a>","<a href=""https://kb.hs3.pl/tag/cow-work"">cow-work</a>",['cow-work']
199,"<a href=""https://kb.hs3.pl/t/199"">Sprzęt komp laptop Robin</a>","<a href=""https://kb.hs3.pl/tag/cow-work"">cow-work</a>",['cow-work']
200,"<a href=""https://kb.hs3.pl/t/200"">Sprzęt komp laptop Bogumił</a>","<a href=""https://kb.hs3.pl/tag/cow-work"">cow-work</a>",['cow-work']
201,"<a href=""https://kb.hs3.pl/t/201"">Sprzęt komp laptop Proboszcz</a>","<a href=""https://kb.hs3.pl/tag/cow-work"">cow-work</a>",['cow-work']
184,"<a href=""https://kb.hs3.pl/t/184"">Sprzęt komp All-in-one Przyczajony nieobecny Bazyl</a>","<a href=""https://kb.hs3.pl/tag/cow-work"">cow-work</a>",['cow-work']
183,"<a href=""https://kb.hs3.pl/t/183"">Sprzęt komp All-in-one Przyczajony Bazyl Lewy</a>","<a href=""https://kb.hs3.pl/tag/cow-work"">cow-work</a>",['cow-work']
182,"<a href=""https://kb.hs3.pl/t/182"">Sprzęt komp All-in-one Przyczajony Bazyl pierwszy</a>","<a href=""https://kb.hs3.pl/tag/cow-work"">cow-work</a>",['cow-work']
108,"<a href=""https://kb.hs3.pl/t/108"">PC Engines APU2 Router Box</a>","<a href=""https://kb.hs3.pl/tag/cow-work"">cow-work</a>","['cow-work', 'networking']"
151,"<a href=""https://kb.hs3.pl/t/151"">LEDon Bulb</a>","<a href=""https://kb.hs3.pl/tag/cow-work"">cow-work</a>",['cow-work']
149,"<a href=""https://kb.hs3.pl/t/149"">LEDon Pink pussy</a>","<a href=""https://kb.hs3.pl/tag/cow-work"">cow-work</a>",['cow-work']
150,"<a href=""https://kb.hs3.pl/t/150"">LEDon Schrödinger's pussy</a>","<a href=""https://kb.hs3.pl/tag/cow-work"">cow-work</a>",['cow-work']
164,"<a href=""https://kb.hs3.pl/t/164"">Sprzęt komp Monitor Hapeusz</a>",unknown,[]
153,"<a href=""https://kb.hs3.pl/t/153"">LEDon Duck</a>","<a href=""https://kb.hs3.pl/tag/cow-work"">cow-work</a>",['cow-work']
145,"<a href=""https://kb.hs3.pl/t/145"">Prince Charming</a>","<a href=""https://kb.hs3.pl/tag/cow-work"">cow-work</a>",['cow-work']
61,"<a href=""https://kb.hs3.pl/t/61"">HS3 BOFH</a>","<a href=""https://kb.hs3.pl/tag/cow-work"">cow-work</a>","['cow-work', 'garage', 'events', 'bofh']"
93,"<a href=""https://kb.hs3.pl/t/93"">King Bob</a>","<a href=""https://kb.hs3.pl/tag/cow-work"">cow-work</a>",['cow-work']
90,"<a href=""https://kb.hs3.pl/t/90"">Chciejlista</a>",unknown,[]
85,"<a href=""https://kb.hs3.pl/t/85"">Komu powinien służyć Spejs</a>",unknown,[]
84,"<a href=""https://kb.hs3.pl/t/84"">Budżet</a>",unknown,[]
83,"<a href=""https://kb.hs3.pl/t/83"">Hackerspace Dragon Dreaming</a>",unknown,[]
82,"<a href=""https://kb.hs3.pl/t/82"">Biblioteka</a>","<a href=""https://kb.hs3.pl/tag/cow-work"">cow-work</a>","['cow-work', 'books']"
66,"<a href=""https://kb.hs3.pl/t/66"">Apteczki</a>","<a href=""https://kb.hs3.pl/tag/cow-work"">cow-work</a>","['cow-work', 'garage', 'bhp']"
44,"<a href=""https://kb.hs3.pl/t/44"">Brayton Power</a>","<a href=""https://kb.hs3.pl/tag/garage"">garage</a>","['garage', 'projects']"
50,"<a href=""https://kb.hs3.pl/t/50"">Infinity mirror (duże)</a>","<a href=""https://kb.hs3.pl/tag/garage"">garage</a>","['garage', 'projects']"
47,"<a href=""https://kb.hs3.pl/t/47"">Cricut Maker 3 ploter tnący</a>","<a href=""https://kb.hs3.pl/tag/lab"">lab</a>","['lab', 'tools']"
41,"<a href=""https://kb.hs3.pl/t/41"">Wiertarka PSB 500 RE BOSCH</a>","<a href=""https://kb.hs3.pl/tag/garage"">garage</a>","['tools', 'garage']"
46,"<a href=""https://kb.hs3.pl/t/46"">What the Duck</a>","<a href=""https://kb.hs3.pl/tag/cow-work"">cow-work</a>","['cow-work', 'wled']"
